{"cameraMode":{"drawMode":0,"name":"Shaded","section":"Shading Mode"},"sceneLighting":false,"audioPlay":false,"sceneViewState":{"showFog":true,"showMaterialUpdate":false,"showSkybox":false,"showFlares":true,"showImageEffects":true,"showParticleSystems":true},"in2DMode":false,"pivot":{"x":-0.04635849595069885,"y":-0.13852310180664063,"z":-1999.228759765625},"rotation":{"x":-0.1630789041519165,"y":-0.0008907916489988565,"z":0.0001470111747039482,"w":-0.9866194128990173},"size":1.076026201248169,"orthographic":false}