{"cameraMode":{"drawMode":0,"name":"Shaded","section":"Shading Mode"},"sceneLighting":true,"audioPlay":false,"sceneViewState":{"showFog":true,"showMaterialUpdate":false,"showSkybox":true,"showFlares":true,"showImageEffects":true,"showParticleSystems":true},"in2DMode":false,"pivot":{"x":1.7192411422729493,"y":1.2720947265625,"z":3.2958984375},"rotation":{"x":0.05397419258952141,"y":-0.0006005019531585276,"z":0.00003017642484337557,"w":0.998565137386322},"size":2.330059051513672,"orthographic":true}